id,username,firstName,lastName,password
0,anurag,Anurag,User,anurag
1,tanishk,Tanishk,User,tanishk
2,prajjwal,Prajjwal,User,prajjwal
3,tanya,Tanya,User,tanya
4,divyanshi,Divyanshi,User,divyanshi
5,shreya,Shreya,User,shreya
6,raghuvansh,Raghuvansh,User,raghuvansh
7,test,Test,User,test
8,test2,Test2,User,test2
9,testuser,Testuser,User,testpass
10,autotest,Autotest,User,autotest
11,alexandermartin247,Alexander,Martin,pass241
12,ariagarcia993,Aria,Garcia,pass997
13,sebastianwhite458,Sebastian,White,pass166
14,oliviamartin842,Olivia,Martin,pass418
15,davidgarcia752,David,Garcia,pass216
16,ameliarodriguez568,Amelia,Rodriguez,pass584
17,sophiagonzalez433,Sophia,Gonzalez,pass958
18,owennelson755,Owen,Nelson,pass574
19,avalewis549,Ava,Lewis,pass996
20,matthewwilliams457,Matthew,Williams,pass352
21,emilybrown63,Emily,Brown,pass521
22,scarlettwalker519,Scarlett,Walker,pass538
23,miaallen454,Mia,Allen,pass666
24,blakeyoung403,Blake,Young,pass931
25,samwhite264,Sam,White,pass219
26,owensmith789,Owen,Smith,pass529
27,charlottetorres865,Charlotte,Torres,pass725
28,averymartin669,Avery,Martin,pass595
29,madisonhernandez142,Madison,Hernandez,pass419
30,gracegonzalez858,Grace,Gonzalez,pass500
31,danielcampbell572,Daniel,Campbell,pass817
32,averysanchez91,Avery,Sanchez,pass859
33,samuelnelson577,Sam,Uelnelson,pass166
34,blakemoore617,Blake,Moore,pass740
35,taylormartin335,Taylor,Martin,pass262
36,ethancampbell161,Ethan,Campbell,pass185
37,sebastianrobinson601,Sebastian,Robinson,pass728
38,scarlettrodriguez118,Scarlett,Rodriguez,pass596
39,lucastaylor308,Lucas,Taylor,pass498
40,charlotteallen233,Charlotte,Allen,pass216
41,caseysmith651,Casey,Smith,pass593
42,isabellasanchez647,Isabella,Sanchez,pass292
43,lucaswhite718,Lucas,White,pass240
44,avanguyen2,Ava,Nguyen,pass690
45,ameliagarcia713,Amelia,Garcia,pass405
46,samwalker911,Sam,Walker,pass140
47,abigailrodriguez249,Abigail,Rodriguez,pass374
48,josephadams445,Joseph,Adams,pass161
49,madisonrobinson122,Madison,Robinson,pass549
50,matthewroberts153,Matthew,Roberts,pass683
51,benjaminhill588,Benjamin,Hill,pass323
52,charlottewalker71,Charlotte,Walker,pass141
53,averynelson931,Avery,Nelson,pass897
54,morgannguyen773,Morgan,Nguyen,pass259
55,davidthomas926,David,Thomas,pass947
56,quinnlewis955,Quinn,Lewis,pass325
57,jamesjackson711,James,Jackson,pass452
58,chloescott455,Chloe,Scott,pass522
59,noahgonzalez687,Noah,Gonzalez,pass686
60,josephwilson63,Joseph,Wilson,pass325
61,testuser3,Jane,Smith,testpass
